id_seller,username,nama_toko,level_toko,premium_toko,id_produk,nama_produk,kategori,kondisi,rating,jumlah_rating,stok,jumlah_interest,jumlah_sold,jumlah_view,harga,harga_asli,diskon,deskripsi
379098398,whitestonelapak,White Stone,Juragan,platinum,4hk99v4,Jilbab Hijab Krudung Segi Empat Paris Polos Premium Voal,Segi empat,Baru,5,2,976,1,24,0,23000,23000,0,"MODEL PAKAI WARNA MOCCA YA <br><br/><br><br/>      <br><br/> Size : 105 * 105 cm ( BEST PRICE ! Harga sesuai kualitas )<br><br/> Jahit tepi rapih kualitas butik<br><br/> Berbahan paris namun tegak seperti voal, mudah dibentuk dan tidak mudah letoy, lemes tidak licin sama sekali, finishing garis tepii"
379098398,whitestonelapak,White Stone,Juragan,platinum,4hjl8t7,Celana Jeans Pria Panjang Slim Fit Pensil Skinny Original Darkgrey,Celana Panjang,Baru,0,0,100,0,0,0,179000,200000,11,JEANS SLIM<br><br/><br><br/>MATERIAL : FULL PRE-WASHED DENIM STRECH (SOFT) = BAHAN NGARET DAN LEMBUT <br><br/><br><br/>JAHITAN : RANTAI DAN OVERDEK<br><br/>SLETING : YKK<br><br/><br><br/>WARNA TIDAK LUNTUR<br><br/><br><br/>SIZE : (Panjang &amp; LingkarPinggang)<br><br/>S = 27-28 ( P 98cm LP 74cm) <br><br/>M = 29-30 (P 100cm LP 79cm)<br><br/>L = 31-32 (P 102cm LP 85cm)<br><br/>XL = 33-34 (P 104cm LP 90cm) <br><br/><br><br/><br><br/>BERAT : 630 - 680 gram
379098398,whitestonelapak,White Stone,Juragan,platinum,4hj9uov,Celana Jeans Panjang Pria Skinny Slim Fit Pensil Melar Original Navy,Celana Panjang,Baru,5,2,100,0,2,0,179000,200000,11,Geser photo untuk detail produk<br><br/><br><br/>JEANS SLIM<br><br/><br><br/>MATERIAL : FULL PRE-WASHED DENIM STRECH (SOFT) = BAHAN NGARET DAN LEMBUT <br><br/><br><br/>JAHITAN : RANTAI DAN OVERDEK<br><br/>SLETING : YKK<br><br/><br><br/>WARNA TIDAK LUNTUR<br><br/><br><br/>SIZE : (Panjang &amp; LingkarPinggang)<br><br/>S = 27-28 ( P 98cm LP 74cm) <br><br/>M = 29-30 (P 100cm LP 79cm)<br><br/>L = 31-32 (P 1102cm LP 85cm)<br><br/>XL = 33-34 (P 104cm LP 90cm) <br><br/><br><br/><br><br/>BERAT : 630 - 680 gram
379098398,whitestonelapak,White Stone,Juragan,platinum,4hiszxp,Mainan Anak Lato Lato Tek Tek Mainan Latto Latto 46 mm Size XL,Mainan Tradisional,Baru,5,2,998,1,2,0,25000,25000,0,ready stok mainan latto latto mainan jadul mainan viral<br><br/>Kualitas premium warna ngejreng atau cerah<br><br/>eceran <br><br/>varian ukuran terlengkap mulai yang kecil sampai Jumbo<br><br/>ukuran <br><br/>1.Diameter 25mm ( S)<br><br/>2.Diameter 32 mm (M)<br><br/>3.Diameter 40 mm (L)<br><br/>4.Diameter 46 mm (XL)<br><br/><br><br/>Jika warna yg dipesan tidak ada stok akn kmi kirmkan random warna
379098398,whitestonelapak,White Stone,Juragan,platinum,4hisztv,Mainan Anak Lato Lato Tek Tek Mainan Latto Latto 40 mm Size L,Mainan Tradisional,Baru,5,1,999,1,1,0,15000,15000,0,ready stok mainan latto latto mainan jadul mainan viral<br><br/>Kualitas premium warna ngejreng atau cerah<br><br/>eceran <br><br/>varian ukuran terlengkap mulai yang kecil sampai Jumbo<br><br/>ukuran <br><br/>1.Diameter 25mm ( S)<br><br/>2.Diameter 32 mm (M)<br><br/>3.Diameter 40 mm (L)<br><br/>4.Diameter 46 mm (XL)<br><br/><br><br/>Jika warna yg dipesan tidak ada stok akn kmi kirmkan random warna
379098398,whitestonelapak,White Stone,Juragan,platinum,4hiszny,Mainan Anak Lato Lato Tek Tek Mainan Latto Latto 32 mm size M,Mainan Tradisional,Baru,0,0,1000,2,0,0,10000,10000,0,ready stok mainan latto latto mainan jadul mainan viral<br><br/>Kualitas premium warna ngejreng atau cerah<br><br/>eceran <br><br/>varian ukuran terlengkap mulai yang kecil sampai Jumbo<br><br/>ukuran <br><br/>1.Diameter 25mm ( S)<br><br/>2.Diameter 32 mm (M)<br><br/>3.Diameter 40 mm (L)<br><br/>4.Diameter 46 mm (XL)<br><br/><br><br/>Jika warna yg dipesan tidak ada stok akn kmi kirmkan random warna
379098398,whitestonelapak,White Stone,Juragan,platinum,4hipku1,Mainan Anak Lato Lato Tek Tek Mainan Latto Latto,Mainan Tradisional,Baru,5,6,1002,8,33,0,6000,6000,0,ready stok mainan latto latto mainan jadul mainan viral<br><br/>Kualitas premium warna ngejreng atau cerah<br><br/>eceran <br><br/>varian ukuran terlengkap mulai yang kecil sampai Jumbo<br><br/>ukuran <br><br/>1.Diameter 25mm ( S)<br><br/>2.Diameter 32 mm (M)<br><br/>3.Diameter 40 mm (L)<br><br/>4.Diameter 46 mm (XL)<br><br/><br><br/>Jika warna yg dipesan tidak ada stok akn kmi kirmkan random warna
379098398,whitestonelapak,White Stone,Juragan,platinum,4gtquts,BISA COD Celana Jeans Pria Panjang Slim Fit Melar Skinny Original Biowash,Celana Panjang,Baru,5,1,999,1,1,0,179000,200000,11,JEANS SLIM<br><br/><br><br/>MATERIAL :FULL PRE-WASHED DENIM STRECH (SOFT)  = BAHAN NGARET DAN LEMBUT <br><br/><br><br/>JAHITAN : RANTAI DAN OVERDEK<br><br/>SLETING : YKK<br><br/><br><br/>WARNA TIDAK LUNTUR<br><br/><br><br/>SIZE : (Panjang &amp; LingkarPinggang)<br><br/>S = 27-28 ( P 96cm LP 72cm) <br><br/>M = 29-30 (P 98cm LP 76cm)<br><br/>L = 31-32 (P 102cm LP 80cm)<br><br/>XL = 33-34 (P 103cm LP 87cm)
379098398,whitestonelapak,White Stone,Juragan,platinum,4bueinj,Celana Jeans Pria Slim Fit Pensil Hitam,Celana Panjang,Baru,5,2,1000,1,2,0,178000,178000,0,"Geser photo untuk detail produk<br><br/><br><br/>JEANS SLIM<br><br/><br><br/>MATERIAL : FULL PRE-WASHED DENIM STRECH (SOFT) = BAHAN NGARET DAN LEMBUT <br><br/><br><br/>JAHITAN : RANTAI DAN OVERDEK<br><br/>SLETING : YKK<br><br/><br><br/>WARNA TIDAK LUNTUR<br><br/><br><br/>SIZE : (Panjang &amp; LingkarPinggang)<br><br/>S = 27-28 ( P 98cm LP 78cm) <br><br/>M = 29-30 (P 100cm LP 82cm)<br><br/>L = 31-32 (P 102cm LP 86cm)<br><br/>XL = 33-34 (P 104cm LP 90cm) <br><br/><br><br/>BERAT : 630 - 680 gram<br><br/><br><br/><br><br/>BARANG DI JAMIN SESUAI DENGAN PHOTO. APABILA BARANG TIDAK SESUAI DENGAN PHOTO MAKA DAPAT DITUKAR DAN ONGKOS KIRIM DITANGGUNG OLEH KAMI<br><br/><br><br/>Kami menyediakan produk dengan kualitas terbaik, bahan terbaik, serta jahitan yang terbaik,<br><br/>Karna bagi kami kepuasan pelanggan menjadi tujuan utama bagi kami<br><br/><br><br/>Apabila terjadi kesalahan dapat di retur dan ongkir 100% kami tanggung<br><br/><br><br/><br><br/>#celana #celanajeans #jeans #grosircelana #celanaoriginal"
379098398,whitestonelapak,White Stone,Juragan,platinum,48sbuau,Celana Jeans Panjang Pria Skinny Slim Fit Pensil Jumbo Big Size Denim Original Distro,Celana Panjang,Baru,5,1,998,2,2,0,223000,223000,0,"JEANS SLIM<br><br/><br><br/>MATERIAL : FULL PRE-WASHED DENIM STRECH (SOFT) = BAHAN NGARET DAN LEMBUT <br><br/><br><br/>JAHITAN : RANTAI DAN OVERDEK<br><br/>SLETING : YKK<br><br/><br><br/>WARNA TIDAK LUNTUR<br><br/><br><br/>SIZE : (Panjang &amp; Lingkar Pinggang)<br><br/><br><br/>XXL= 35-36 (P 105cm LP 92cm)<br><br/>XXXL= 37-38 (P 105cm LP 96cm)<br><br/>XXXXL = 39- 40 (P 107cm LP 98cm)<br><br/>XXXXXL = 41-42 (P 107cm LP 100cm)<br><br/><br><br/>BERAT : 680-750 gram<br><br/><br><br/>BARANG DI JAMIN SESUAI DENGAN PHOTO. APABILA BARANG TIDAK SESUAI DENGAN PHOTO MAKA DAPAT DITUKAR DAN ONGKOS KIRIM DITANGGUNG OLEH KAMI<br><br/><br><br/>Kami menyediakan produk dengan kualitas terbaik, bahan terbaik, serta jahitan yang terbaik,<br><br/>Karna bagi kami kepuasan pelanggan menjadi tujuan utama bagi kami<br><br/><br><br/>FREE GELANG 1PCS DAN AKSESORIS UNTUK TIAP PRODUK (TIDAK BISA REQUEST WARNA, BENTUK DLL)<br><br/><br><br/>#celana #celanajeans #jeans #grosircelana #celanamurah"
379098398,whitestonelapak,White Stone,Juragan,platinum,3wiezjz,Payung Lipat Transparan Bening Korea Jepang Otomatis,Payung,Baru,0,0,1000,0,0,0,135000,135000,0,"Payung LIPAT TRANSPARAN TABASA Bening Korea Jepang Termurah<br><br/><br><br/>Model: Lipat 3<br><br/><br><br/>Perhatian: Untuk menjaga keawetan payung ini, tolong saat dibuka jangan dipencet tombolnya saja tapi sambil ditarik pelan-pelan agar plastik tidak mudah robek.<br><br/><br><br/>Payung keren, gaul, dan antik :D Payung Transparan, melindungi dari hujan dan...<br><br/>Sering dipakai untuk bergaya, untuk pemotretan. Payung ini cocok untuk fashion accessories juga, atau sekedar untuk selfie.<br><br/><br><br/>Merk: Tabasa<br><br/>Jari2: 6 <br><br/>Panjang kondisi dilipat: 24 cm <br><br/>Panjang kondisi terbuka: 55 cm<br><br/>Diameter : 96 cm"
379098398,whitestonelapak,White Stone,Juragan,platinum,3widvzt,Payung Lipat Dua 2 Polos Lapis Silver,Payung,Baru,0,0,1000,0,0,0,140500,140500,0,"Ingin punya payung ukuran besar yang biasa beli di mall mahal?<br><br/>Ingin punya payung besar yang awet?<br><br/>Ingin punya payung yang elegan , ga norak, dan berkualitas baik?<br><br/>Ribet dengan payung besar yang tidak otomatis, pas hujan susah bukanya?<br><br/><br><br/>Payung ini solusinya!<br><br/><br><br/><br><br/>Beda dengan payung abal-abal yang biasa dapat ditemukan di mana2. Di WS, kamu dapat menemukan payung yang fashionable tapi dengan harga ekonomis. Mengapa harus beli payung murah tapi gampang rusak? Dengan besi yang cukup kuat dan model yang cantik<br><br/><br><br/>Grade: A<br><br/><br><br/>Ukuran panjang : 52 cm (kondisi dilipat)<br><br/>Ukuran diameter : 91 cm<br><br/>berat: 190 gram<br><br/>Gagang: Besi<br><br/>Warna Gagang: Silver<br><br/>Warna Handle: Krom dan ada lapisan warna sesuai warna payung"
379098398,whitestonelapak,White Stone,Juragan,platinum,3wic84e,Payung Lipat 3D Magic Kokoh Anti Hujan Angin UV,Payung,Baru,0,0,1000,1,0,0,150000,150000,0,"Warna ready: , Ungu, Hijau Muda, Orange, Merah<br><br/>kosong: biru muda dan biru tua<br><br/><br><br/>Payung Lipat 3D. Magic Umbrella hujan 3 Dimensi <br><br/><br><br/>Harap info warna yang diminta di keterangan: <br><br/><br><br/>Warna ready: Biru Muda, Biru Tua, Ungu, Hijau Muda, Orange, Merah<br><br/><br><br/>Harap info minimal 2 warna pilihan supaya apabila warna yang dipesan kosong, kita bisa kirim warna alternatif. <br><br/><br><br/>Payung lipat ini sangat praktis dan fashionable untuk digunakan, apabila terkena air maka akan muncul motif 3 dimensi. Motif itu berbeda tiap warna payung. Terbuat dari bahan yang berkualitas, bukan payung abal-abal. bukan payung enteng yg bs terbawa jika tertiup angin.<br><br/><br><br/>Grade: B <br><br/>Ukuran panjang : 25 cm (kondisi dilipat)<br><br/>Diameter: 86 cm"
379098398,whitestonelapak,White Stone,Juragan,platinum,3i403ae,Sepatu Sneakers Sneaker Pria Wanita Casual Sepatu Kerja Sekolah Olahraga Running Lari Import Original,Sneaker Pria,Baru,5,470,298,190,4261,0,159000,228000,30,"Sepatu Pria Original 100%<br><br/>Sepatu Import 100%<br><br/>Sepatu Sneakers Kualitas bagus harga terjangkau<br><br/>Sepatu Running, Kaki bergerak leluasa<br><br/>Sepatu Slip on Lembut di dalam,Nyaman saat dipakai<br><br/>Sepatu Olahragas Anti slip, Tidak pengap, Tidak mudah lepas<br><br/>Sepatu Sport Model simple dan elegan, Trend Fashion<br><br/><br><br/>BONUS : FREE BOX &amp; KAOS KAKI<br><br/><br><br/>Fitur : Sol Berbahan Karet Jadi Terasa Empuk &amp; Nyaman Ketika Digunakan<br><br/>Cocok Digunakan Untuk : Sekolah, Kuliah, Kerja, Traveling.<br><br/><br><br/>READY SIZE : 39, 40, 41<br><br/>42,43,44<br><br/><br><br/>Size 39-44 <br><br/>Perincian Size <br><br/>39=24.5 cm <br><br/>40=25 cm <br><br/>41=25.5 cm <br><br/>42=26 cm <br><br/>43=26.5 cm <br><br/>44=27 cm<br><br/><br><br/>Motif : Hitam Polos"
379098398,whitestonelapak,White Stone,Juragan,platinum,3i28npe,Sepatu Sneakers Sneaker Pria Wanita Sepatu Running Lari Olahraga Casual Kets,Sneaker Pria,Baru,5,466,1998,164,4253,0,159000,229000,31,"BONUS : FREE BOX &amp; KAOS KAKI<br><br/><br><br/>Bahan : Kanvas<br><br/>Sol : Karet<br><br/>Fitur : Sol berbahan karet empuk, lentur &amp; tidak licin.<br><br/>Cocok Digunakan Untuk : Sekolah, Kuliah, Kerja, Traveling.<br><br/>Warna : Abu<br><br/><br><br/>Size 39-44<br><br/>Perincian Size <br><br/>39 = 24.5 cm <br><br/>40 = 25 cm <br><br/>41 = 25.5 cm <br><br/>42 = 26 cm <br><br/>43 = 26.5 cm <br><br/>44 = 27 cm"
379098398,whitestonelapak,White Stone,Juragan,platinum,3hx9men,Sepatu Sneakers Sneaker Pria Wanita Sepatu Kerja Sekolah Casual Sepatu Kets Olahraga Running Lari,Sneaker Pria,Baru,5,474,1763,129,2261,0,149000,199000,25,"Kepada calon pembeli dimohon untuk membaca deskripsi sebelum memesan produk. <br><br/>Dan tanyakan stoknya terlebih dahulu.<br><br/><br><br/>BONUS : FREE BOX &amp; KAOS KAKI<br><br/><br><br/>Sepatu Sneaker Original &amp; 100% Impor.<br><br/>Sepatu Sneaker murah tapi gak murahan.<br><br/>Sepatu yang kami jual 100% baru + box.<br><br/>Barang sesuai dengan GAMBAR.<br><br/>Sepatu Sneakers ringan, Kaki bergerak leluasa Sepatu Sneakers lembut di dalam, Nyaman saat dipakai, Sepatu Sneakers Anti slip, Tidak pengap, Tidak mudah lepas, Sepatu Sneakers Model simple dan elegan, Trend Fashion.<br><br/><br><br/>Fitur : Sol Berbahan Karet Jadi Terasa Empuk &amp; Nyaman Ketika Digunakan.<br><br/>Cocok Digunakan Untuk : Sekolah, Kuliah, Kerja, Traveling.<br><br/><br><br/>Ready warna :<br><br/>Hitam : Size 39-44<br><br/>Perincian Size <br><br/>39 = 24.5 cm <br><br/>40 = 25 cm <br><br/>41 = 25.5 cm <br><br/>42 = 26 cm <br><br/>43 = 26.5 cm <br><br/>44 = 27 cm"
379098398,whitestonelapak,White Stone,Juragan,platinum,3hx5ftt,Sepatu Sneakers Sneaker Pria Wanita Sepatu Kerja Sekolah Casual Santai Sepatu Kets Olahraga Running Lari Original,Sneaker Pria,Baru,5,514,3991,390,3306,0,199000,199000,0,"Kepada calon pembeli dimohon untuk membaca deskripsi sebelum memesan produk. Dan tanyakan stoknya terlebih dahulu.<br><br/>Sepatu Sneakers Original &amp; 100% Impor.<br><br/>Sepatu Sneakers murah tapi gak murahan.<br><br/>Sepatu yang kami jual 100% baru + box.<br><br/>Barang sesuai dengan GAMBAR.<br><br/>Sepatu Sneakers ringan, Kaki bergerak leluasa Sepatu Sneakers lembut di dalam, Nyaman saat dipakai, Sepatu Sneakers Anti slip, Tidak pengap, Tidak mudah lepas, Sepatu Sneakers Model simple dan elegan, Trend Fashion.<br><br/><br><br/>Bonus : FREE BOX &amp; KAOS KAKI <br><br/><br><br/>Fitur : Model Sepatu Slip On Namun Seperti Sepatu Dengan Tali Yang Berfungsi Sebagai Hiasan.<br><br/>Cocok Digunakan Untuk : Sekolah, Kuliah, Kerja, Traveling<br><br/><br><br/>Ready warna :<br><br/>Hitam Putih : Size 39-44<br><br/>Hitam Polos : Size 39-44<br><br/>Perincian Size <br><br/>39 = 24.5 cm <br><br/>40 = 25 cm <br><br/>41 = 25.5 cm <br><br/>42 = 26 cm <br><br/>43 = 26.5 cm <br><br/>44 = 27 cm"
379098398,whitestonelapak,White Stone,Juragan,platinum,3h7i9o9,Helm Sepeda Avand A 20 Safety Helmet Sepeda Onthel Gunung Impor Aksesoris Sepeda Gowes,Helm,Baru,5,477,99,160,2276,0,355000,355000,0,Helm Sepeda Avand A 28 Safety Helmet Bicycle Empire<br><br/><br><br/>lengkap dengan lampu belakang<br><br/>all size<br><br/><br><br/>warna sesuai foto<br><br/>cantumakn warna sesuai kemauan<br><br/>info lebih lanjut silahkan PM
379098398,whitestonelapak,White Stone,Juragan,platinum,36qv59n,Baju Gamis Wanita Syari Polos Maxi Dress Muslim Lebaran Pesta Jumbo Busui Terbaru,Dress,Baru,5,1,999,2,1,0,175000,175000,0,"=&gt;Nama Model : Almira Dress<br><br/>=&gt;Warna             : Black mix Light Dusty<br><br/>=&gt;Ukuran            : S M L XL<br><br/>.<br><br/>=&gt;Detail Ukuran : <br><br/>-S	: LD 92, PB 130, PT 52, LB 190,<br><br/>-M	: LD 98, PB 135, PT 54, LB 190, <br><br/>-L	: LD 104, PB 140, PT 54, LB 200, <br><br/>-Xl	: LD 110, PB 140, PT 56, LB 200,<br><br/>.<br><br/>=&gt;Bahan : Moscrepe<br><br/>.<br><br/>=&gt;KRITERIA MOSSCRAPE :<br><br/>-Bahan Serat Relatif Tebal Sama Sekali Tidak Nerawan<br><br/>-Tidak Mudah Kusut Apabila Dipakai Kecuali Sudah Di Cuci<br><br/>-Mudah Menyerap Keringat Berlebih<br><br/>-Serat Bahan Sangat Rapat<br><br/>-Untuk Panas/Tidak Nya Bahan Itu Tergantung Dari Suhu Daerah/Tempat<br><br/>.<br><br/>=&gt;Detail Produk :<br><br/>-badan depan pakai retsleting (busui friendly)<br><br/>-badan depan sampai bawah di variasi pakai plat ukuran 5cm<br><br/>-badan sambungan variasi plat bawah juga sama 5cm<br><br/>-tangan bagian tengah di plat juga beserta bostrox nya<br><br/>-pergelangan tangan besar (wudlu friendly)<br><br/>-pakai tali ikat pinggang supaya bisa menyesuaikan bentuk badan, panjang tali 70cm<br><br/>- Semua Produk Kita Gunakan Sistim Jahit Stick 1 Jarum Dibagian Sambungan Depan Yang Tujuannya Supaya Pas Sambungan Jahitan Terlihat Lebih Sempurna &amp; Tidak Mengembang<br><br/>.<br><br/>=&gt;Untuk Kualitas Produk Kita No.1 ( DIUTAMAKAN )<br><br/>=&gt;Adapun Seandainya Ada Sedikit Perbedaan Warna, Itu Biasanya Dari Cahaya Hp Beda Merek, PC atw Dari Celupan Pabrik. Tapi Kalau Ada Perbedaan Kami Selalu Konfirmasi Terlebih Dahulu, Insya Alloh Sama Ya Kaka2 Semuanya.<br><br/>.<br><br/>Model Baju Ini Sangat Casual Banget, Nyaman Buat Dipakai Untuk Acara Santai,Formal Maupun Nonformal. Apalagi Buat Para Mahasiswa/Pelajar Modelnya Simple,Nyaman Dipakainya &amp; Ga Bikin Kantong Bolong. Apalagi Kita Sediakan Berbagai Ukuran Size S M L XL Bisa Disesuaikan Dengan Ukuran Badan.<br><br/>."
379098398,whitestonelapak,White Stone,Juragan,platinum,333tnyr,Mukena Bali Super Jumbo Seruni Inverse Mukena Dewasa Katun Atasan Bawahan,Mukena,Baru,4.9,205,100,237,642,0,169000,220000,23,"bahan katun micro yang dibuat khusus mukena adem ngga nerawang,warna 80/90% ya <br><br/><br><br/>motif renda sesuai stok yang ada tapi pasti yang bagus<br><br/><br><br/>ukuran panjang depan _+120<br><br/>ukuran belkang _+120<br><br/>panjang rok _+118<br><br/>Diameter Rok _+75<br><br/>di dagu ada resleting<br><br/><br><br/>Pengiriman setiap hari walau tanggal merah! <br><br/>Kalau ada pertanyaan lain boleh chat aja jangan sungkan ya:),,<br><br/><br><br/>#mukenadewasa#mukena#mukenadaily#mukenakamelia"
379098398,whitestonelapak,White Stone,Juragan,platinum,33314bf,Gamis Syari Wanita Set Hijab Khimar Premium Jumbo Busui Maxi Dress Muslim Pesta Lebaran Terbaru Jubah Wanita Perempuan,Dress,Baru,5,265,999,83,3336,0,190000,190000,0,"HOT SALE =&gt; BUY 10 GET 1 ( RANDOM )<br><br/><br><br/>=&gt;Nama Model : Elbina set Syari <br><br/>=&gt;Warna      : Navy, Mint, Millo, Lavender<br><br/>=&gt;Ukuran     : S M L XL<br><br/>.<br><br/>=&gt;Detail Ukuran : <br><br/>-S	: LD 92, PB 130, PT 52, LB 90,<br><br/>-M	: LD 98, PB 135, PT 54, LB 90, <br><br/>-L	: LD 104, PB 140, PT 54, LB 95, <br><br/>-Xl	: LD 110, PB 140, PT 56, LB 95,<br><br/>.<br><br/>=&gt;Bahan : Moscrepe HQ<br><br/>.&gt;KRITERIA MOSSCRAPE :<br><br/>-Bahan Serat Relatif Tebal Sama Sekali Tidak Nerawang<br><br/>-Tidak Mudah Kusut Apabila Dipakai <br><br/>-Mudah Menyerap Keringat Berlebih<br><br/>-Serat Bahan Sangat Rapat<br><br/><br><br/>=&gt;Detail Produk :<br><br/>1. Badan depan pakai retsleting bisa busui friendly<br><br/>2. Tangan divariasi pakai rempel dan list,serta pakai kancing ( wudlu friendly )<br><br/>3. Penjahitan di bagian ketiak kita stick lapis ke dalam,jadi sangat rapih<br><br/>4. Segi penjahitan lumayan sulit di bagian list outer"
379098398,whitestonelapak,White Stone,Juragan,platinum,32a0l7q,Mukena Bali Ichio Sakura Mukena Dewasa Katun Jepang Rayon Polos Motif Super Jumbo Atasan Bawahan,Mukena,Baru,4.8,64,740,45,259,0,220000,220000,0,"Mukena Bali Ichio Sakura<br><br/><br><br/>Super Jumbo<br><br/>Ukuran : panjang atasan depan 125cm, belakang 128cm.<br><br/>panjang rok 110cm, lebar 80cm<br><br/><br><br/>Bahan : Rayon Print dan Rayon Janger<br><br/><br><br/>Order harap cantumkan Kode produk<br><br/><br><br/>Ready stok untuk yang bisa di klik di variasi warna<br><br/><br><br/>Happy Shoping<br><br/><br><br/>Note: Bila stok kosong, kami kirim langsung dari agen kami di Bali"
379098398,whitestonelapak,White Stone,Juragan,platinum,329u6ft,Baju Gamis Wanita Syari Busui Jumbo Maxi Dress Muslim Lebaran Pesta Terbaru,Dress,Baru,4.8,299,997,336,3413,0,159000,199500,20,"=&gt;Nama Model : Ziva Dress<br><br/>=&gt;Warna             : balck yellow,black mocca,black grey<br><br/>=&gt;Ukuran            : S M L XL<br><br/>.<br><br/>=&gt;Detail Ukuran : <br><br/>-S	: LD 92, PB 130, PT 52, LB 90,<br><br/>-M	: LD 98, PB 135, PT 54, LB 90, <br><br/>-L	: LD 104, PB 140, PT 54, LB 95, <br><br/>-Xl	: LD 110, PB 140, PT 56, LB 95,<br><br/>.<br><br/>=&gt;Bahan : Moscrepe HQ<br><br/>.<br><br/>=&gt;KRITERIA MOSSCRAPE :<br><br/>-Bahan Serat Relatif Tebal Sama Sekali Tidak Nerawan<br><br/>-Tidak Mudah Kusut Apabila Dipakai Kecuali Sudah Di Cuci<br><br/>-Mudah Menyerap Keringat Berlebih<br><br/>-Serat Bahan Sangat Rapat<br><br/>-Untuk Panas/Tidak Nya Bahan Itu Tergantung Dari Suhu Daerah/Tempat<br><br/>.<br><br/>=&gt;Detail Produk :<br><br/>1. Badan atas busui friendly<br><br/>2. Badan bawah double terdiri dari 3 tumpuk lapisan variasi, 1 bagian dalam, 1 lagi bagian luar combinasi warna<br><br/>3. Pinggang polos,agar terlihat ramping<br><br/>4. bagian tanggan mengguanakan sleting &amp; pastinya wudlu friendly<br><br/>5. Semua Produk Kita Gunakan Sistim Jahit Stick 1 Jarum Dibagian Sambungan Depan Yang Tujuannya Supaya Pas Sambungan Jahitan Terlihat Lebih Sempurna &amp; Tidak Mengembang<br><br/>.<br><br/>=&gt;Untuk Kualitas Produk Kita No.1 ( DIUTAMAKAN )<br><br/>=&gt;Adapun Seandainya Ada Sedikit Perbedaan Warna, Itu Biasanya Dari Cahaya Hp Beda Merek, PC atw Dari Celupan Pabrik. Tapi Kalau Ada Perbedaan Kami Selalu Konfirmasi Terlebih Dahulu, Insya Alloh Sama Ya Kaka2 Semuanya.<br><br/>.<br><br/>Model Baju Ini Sangat Casual Banget, Nyaman Buat Dipakai Untuk Acara Santai,Formal Maupun Nonformal. Apalagi Buat Para Mahasiswa/Pelajar Modelnya Simple,Nyaman Dipakainya &amp; Ga Bikin Kantong Bolong. Apalagi Kita Sediakan Berbagai Ukuran Size S M L XL Bisa Disesuaikan Dengan Ukuran Badan."
379098398,whitestonelapak,White Stone,Juragan,platinum,31qgiau,Gamis Wanita Syari Nibras Sarimbit Lebaran Keluarga Terbaru,Dress,Baru,5,251,1,7,2318,0,285000,285000,0,"GAMIS NIBRAS NB A38<br/><br/>Berat : 432 gram<br/>Bahan Cassanova 2D<br/>adalah bahan yang halus, lembut, dan adem.<br/><br/>Detail<br/>- Busui Friendly<br/>- Saku Depan<br/>- Lengan Manset &amp; Kancing<br/>- Variasi Pita pada Saku"
379098398,whitestonelapak,White Stone,Juragan,platinum,31jcem8,Mukena Dewasa Polos Bordir Mukena Bali Katun Jumbo Renda Atasan Bawahan,Mukena,Baru,4.9,55,990,22,257,0,235000,235000,0,"WARNA TERSEDIA:<br><br/>- putih<br><br/>- hitam<br><br/>- Dongker<br><br/>- putih tulang<br><br/>- coksu<br><br/>- magenta<br><br/>- maroon<br><br/>- biru tosca<br><br/>- ungu taro<br><br/>- Milo<br><br/>- army<br><br/>- rose brown<br><br/>- biru<br><br/>- dusty pink<br><br/>- abu<br><br/>- baby pink<br><br/>- green tea<br><br/><br><br/>MUKENA KHADIJAH RENDA<br><br/>Hai muslimah jumpa kembali bersama Mukena Khadijah.<br><br/>Kenalin nih model terbaru dari kami, yuk ah kepoin<br><br/>Mukena Khadijah<br><br/><br><br/>Mukena ini terbuat dari bahan yang halus dan lembut<br><br/>Bahan yang lembut menjadikannya tidak mudah kusut<br><br/>Sangat mudah untuk distrika<br><br/>Simple dan praktis<br><br/>Memenuhi syarat untuk menutup aurat<br><br/>Dihiasi dengan renda yang cantik sehingga menimbulkan kesan mewah<br><br/>Karakter kain yang adem<br><br/>Sangat cocok untuk dipakai disemua situasi dan kodisi<br><br/>.<br><br/>Detail Produk<br><br/><br><br/>BAHAN : BABY SILK<br><br/>BERAT : 670 GRAM<br><br/>SET : MUKENA SET + TAS<br><br/><br><br/>Ukuran<br><br/>PANJANG DEPAN : 110-115CM<br><br/>PANJANG BELAKANG : 123-128 CM<br><br/>PANJANG BAWAH : 110-115 CM"
379098398,whitestonelapak,White Stone,Juragan,platinum,31is4ly,Mukena Anak Polos Mukena Bali Katun Adem Lembut Brukat Bordir Atasan Bawahan,Mukena,Baru,5,63,697,10,303,0,195000,195000,0,MUKENA VALERI ANAK TAS RANSEL<br><br/>.<br><br/> Bahannya halus dan lembut<br><br/> Terasa adem dan menyerap keriingat<br><br/> Cukup tebal tidak menerawang<br><br/> Variasi warna yang manis dan menawan<br><br/> Dihiasi motif yang simlpe dan menarik<br><br/> Bonus tas cantik berbentuk ransel<br><br/>.<br><br/>  NOTE<br><br/>UNTUK USIA KURANG LEBIH 5-7 TAHUN MAKSIMAL<br><br/><br><br/> DETAIL PRODUK<br><br/><br><br/>BAHAN : BABY SILK <br><br/>SET : MUKENA SET + TAS SANGAT CANTIK (BERBENTUK RANSEL)<br><br/>PANJANG DEPAN 85CM <br><br/>BELAKANG 90CM<br><br/>PANJANG BAWAHAN 88CM<br><br/>BERAT : 300gr (1Kg Muat 4pcs)
379098398,whitestonelapak,White Stone,Juragan,platinum,31iqk92,Mukena Dewasa Putih Polos Mukena Bali Katun Jumbo Brukat Atasan Bawahan,Mukena,Baru,4.8,79,1,38,340,0,189000,189000,0,"Warna Tersedia:<br><br/>- broken white<br><br/>- hitam<br><br/>- Salem<br><br/>- biru<br><br/>- pink<br><br/>- hijau<br><br/>- cream<br><br/>- putih bersih<br><br/>- coksu<br><br/>- abu<br><br/><br><br/>MUKENA VALERIE<br><br/>Mukena ini di buat bahan pilihan dengan pilihan warna yang manis, lembut, tapi tidak menerawang. Cocok untuk Traveling / di pakai sehari-hari.<br><br/><br><br/>BAHAN : BABY SILK<br><br/>BERAT : 500 GRAM<br><br/><br><br/>Ukuran Kurang Lebih <br><br/>PANJANG DEPAN : 115-120 CM<br><br/>PANJANG BELAKANG : 117 CM<br><br/>PANJANG BAWAHAN : 115CM<br><br/>Set: MUKENA ATAS+BAWAH+TAS<br><br/><br><br/>TINGGI MAKSIMAL 175CM <br><br/><br><br/>""KHADIJAH LABEL, BUSANA MUSLIMAH SHOLEHAH"""
379098398,whitestonelapak,White Stone,Juragan,platinum,30zvkza,Baju Koko Kurta Pakistan Lengan Panjang Slim Fit Katun Premium Putih Polos Baju Muslim Taqwa Pria Lebaran Terbaru,Busana Muslim Pria,Baru,5,210,941,144,2067,0,135000,192000,30,Matt : Toyobo Tebal<br><br/>High Quality<br><br/>Non Strech<br><br/>Kantong : Asli<br><br/>Kantong Kanan &amp; Kiri<br><br/><br><br/>SIZE<br><br/>M LD 104 PJ 79<br><br/>L LD 108 PJ 81<br><br/>XL LD 112 PJ 83<br><br/>XXL LD 116 PJ 85<br><br/>toleransi size 1-2 cm<br><br/><br><br/>#bajukoko #koko #muslim #fashionmuslim #toybo<br><br/><br><br/>Terima kasih!
379098398,whitestonelapak,White Stone,Juragan,platinum,30zuuzq,Gamis Jubah Pria Saudi Arabi Jumbo Baju Muslim Modern Premium Terbaru,Busana Muslim Pria,Baru,5,103,506,17,504,0,270000,270000,0,Warna tersedia:<br><br/>- green kombi grey<br><br/>- grey Kombi green<br><br/>- Misty Kombi Mustard<br><br/>- Mustard Kombi Misty<br><br/>- Misty Kombi soft blue<br><br/>- soft blue Kombi Misty<br><br/>- navy Kombi white<br><br/>- white Kombi navy<br><br/>- tosca Kombi white<br><br/>- white Kombi tosca<br><br/><br><br/>Bahan : Katun Balotelli<br><br/>Kualitas: DIJAMIN MANTAP<br><br/><br><br/>Warna Real Pict (Mungkin ada perbedaan sedikit karena efek cahaya)<br><br/>Size Chart: (Lebar Dada X Panjang Baju)<br><br/>M (56 X 132)<br><br/>L (58 X 132)<br><br/>XL(60 X 134)<br><br/><br><br/>**Toleransi Size 1-2 CM
379098398,whitestonelapak,White Stone,Juragan,platinum,2n5b5h7,Jaket Sweater Hoodie Jumper Zipper Original Casual Pria Wanita,Sweater,Baru,5,1,999,2,1,0,160000,160000,0,"( UNISEX )<br/>BAHAN : COTTON TAIWAN ( 100% FULL COTTON )<br/><br/>SIZE : P (panjang dari bahu kebawah) L (lebar) PL (panjang lengan) <br/><br/>M : P 65cm L 53cm PL 61cm <br/>L : P 67cm L 55cm PL 63cm<br/>XL : P 69cm L 55cm PL 67cm<br/><br/>JAHITAN : double benang<br/><br/>BERAT : 600 GRAM<br/><br/>BARANG DIJAMIN SESUAI DENGAN PHOTO<br/><br/>""FREE AKSESORIS KECE"""
379098398,whitestonelapak,White Stone,Juragan,platinum,2n59tfc,Jaket Hoodie Sweater Jumper Zipper Original Pria Wanita,Jaket,Baru,5,1,1000,1,1,0,160000,160000,0,"( UNISEX )<br/>BAHAN : COTTON TAIWAN ( 100% FULL COTTON )<br/><br/>SIZE : P (panjang dari bahu kebawah) L (lebar) PL (panjang lengan) <br/><br/>M : P 63cm L 51cm PL 60cm <br/>L : P 65cm L 53cm PL 62cm<br/>XL : P 67cm L 55cm PL 65cm<br/><br/>JAHITAN : double benang<br/><br/>BERAT : 600 GRAM<br/><br/>BARANG DIJAMIN SESUAI DENGAN PHOTO<br/><br/>""FREE AKSESORIS KECE"""
379098398,whitestonelapak,White Stone,Juragan,platinum,2l6wg5s,Celana Chino Pria Original Celana Panjang Skinny Slim Fit Celana Casual Kerja Kantor,Celana Panjang,Baru,4.8,4,1000,5,5,0,155000,155000,0,"Warna:<br/>- Black<br/>- Mocca<br/>- Stone<br/>- Dark Khaki <br/>- Cream<br/>- Navy<br/>- White<br/>- Grey Young<br/>- Khaki<br/>- Light Cream<br/>- Coffe<br/><br/>- Gambar produk 100% Real Pict<br/>- Bahan Cotton Twill Combad (Bahan Lembut dan Meral / Strech)<br/>- bahan Tidak Luntur <br/>- Model Fitting Slimfit<br/>- Merek Libra Original Made In Bandung (Bukan Merek Kw Abal- Abal) <br/>- Jahitan Full Chain Stitch / Rantai <br/><br/>Warna produk mungkin tidak akan 100% sama dengan foto, disebabkan faktor cahaya saat pengambilan gambar atau tingkat kualitas cahaya gadget yang digunakan berbeda.<br/><br/>""HARAP DI PERHATIKAN SIZE DETAIL CELANA AGAR TIDAK TERJADI KESALAHAN SIZE""<br/><br/>Size yang digunakan Adalah M, L, XL, XXL BUKAN Menggunakan NO/Angka <br/><br/>- Size M setara size 28/29<br/>Lingkar Pinggang 78 cm, Panjang 99 cm, Lebar Paha 25, Lebar Kaki 16<br/>- Size L setara size 30/31<br/>Lingkar Pinggang 83 cm, Panjang 101 cm, Lebar Paha 27, Lebar Kaki 17<br/>- Size XL setara size 32/33<br/>Lingkar Pinggang 88 cm, Panjang 102 cm, Lebar Paha 28, Lebar Kaki 18<br/>- Size XXL Setara 34/35<br/>Lingkar Pinggang 93 cm, Panjang 103 cm, Lebar Paha 30, Lebar Kaki 19<br/><br/>(TOLERANSI SIZE +- 1 SAMPAI 2 CM)"
379098398,whitestonelapak,White Stone,Juragan,platinum,2l6ouj3,Celana Jeans Pria Jumbo Big Size Besar Celana Panjang Skinny Slimfit Pensil Distro Denim,Celana Panjang,Baru,5,5,994,12,6,0,189000,189000,0,"JEANS SLIM<br><br/><br><br/>MATERIAL : FULL PRE-WASHED DENIM STRECH (SOFT) = BAHAN NGARET DAN LEMBUT <br><br/><br><br/>JAHITAN : RANTAI DAN OVERDEK<br><br/>SLETING : YKK<br><br/><br><br/>WARNA TIDAK LUNTUR<br><br/><br><br/>SIZE : (Panjang &amp; LingkarPinggang)<br><br/>XXL= 35-36 (P 105cm LP 92cm)<br><br/>XXXL= 37-38 (P 105cm LP 96cm)<br><br/>XXXXL = 39- 40 (P 107cm LP 98cm)<br><br/>XXXXXL = 41-42 (P 107cm LP 100cm)<br><br/><br><br/>BERAT : 630 - 680 gram<br><br/><br><br/>Kami menyediakan produk dengan kualitas terbaik, bahan terbaik, serta jahitan yang terbaik,<br><br/>Karna bagi kami kepuasan pelanggan menjadi tujuan utama bagi kami<br><br/><br><br/>FREE GELANG 1PCS DAN AKSESORIS UNTUK TIAP PRODUK (TIDAK BISA REQUEST WARNA, BENTUK DLL)"
379098398,whitestonelapak,White Stone,Juragan,platinum,2kvnsxd,Celana Jeans Pria Jumbo Big Size Besar Skinny Slim Fit Pensil Celana Panjang Cowok Denim Original Premium Casual,Celana Panjang,Baru,5,6,100,9,8,0,189000,189000,0,"JEANS SLIM<br><br/><br><br/>MATERIAL : FULL PRE-WASHED DENIM STRECH (SOFT) = BAHAN NGARET DAN LEMBUT <br><br/><br><br/>JAHITAN : RANTAI DAN OVERDEK<br><br/>SLETING : YKK<br><br/><br><br/>WARNA TIDAK LUNTUR<br><br/><br><br/>SIZE : (Panjang &amp; LingkarPinggang)<br><br/>XXL= 35-36 (P 105cm LP 92cm)<br><br/>XXXL= 37-38 (P 105cm LP 96cm)<br><br/>XXXXL = 39- 40 (P 107cm LP 98cm)<br><br/>XXXXXL = 41-42 (P 107cm LP 100cm)<br><br/><br><br/>BERAT : 630 - 680 gram<br><br/><br><br/>Kami menyediakan produk dengan kualitas terbaik, bahan terbaik, serta jahitan yang terbaik,<br><br/>Karna bagi kami kepuasan pelanggan menjadi tujuan utama bagi kami<br><br/><br><br/>FREE GELANG 1PCS DAN AKSESORIS UNTUK TIAP PRODUK (TIDAK BISA REQUEST WARNA, BENTUK DLL)"
379098398,whitestonelapak,White Stone,Juragan,platinum,2kua13o,Celana Jeans Pria Super Jumbo Big Size Besar Slim Fit Pensil Skinny Celana Panjang Premium Distro Original,Celana Panjang,Baru,4.9,12,100,25,15,0,199000,199000,0,"JEANS SLIM<br><br/><br><br/>MATERIAL : FULL PRE-WASHED DENIM STRECH (SOFT) = BAHAN NGARET DAN LEMBUT <br><br/><br><br/>JAHITAN : RANTAI DAN OVERDEK<br><br/>SLETING : YKK<br><br/><br><br/>WARNA TIDAK LUNTUR<br><br/><br><br/>SIZE : (Panjang &amp; LingkarPinggang)<br><br/><br><br/>XXL= 35-36 (P 105cm LP 92cm)<br><br/>XXXL= 37-38 (P 105cm LP 96cm)<br><br/>XXXXL = 39- 40 (P 107cm LP 98cm)<br><br/>XXXXXL = 41-42 (P 107cm LP 100cm)<br><br/><br><br/>BERAT : 680-750 gram<br><br/><br><br/>Kami menyediakan produk dengan kualitas terbaik, bahan terbaik, serta jahitan yang terbaik,<br><br/>Karna bagi kami kepuasan pelanggan menjadi tujuan utama bagi kami<br><br/><br><br/>FREE GELANG 1PCS DAN AKSESORIS UNTUK TIAP PRODUK (TIDAK BISA REQUEST WARNA, BENTUK DLL)"
379098398,whitestonelapak,White Stone,Juragan,platinum,2ktx5wt,Celana Jeans Pria Jumbo Big Size Besar Slim Fit Pensil Skinny Denim Stretch Celana Panjang Original Premium,Celana Panjang,Baru,4.8,4,999,4,5,0,189000,189000,0,"JEANS SLIM<br><br/><br><br/>MATERIAL : FULL PRE-WASHED DENIM STRECH (SOFT)  = BAHAN NGARET DAN LEMBUT <br><br/><br><br/>JAHITAN : RANTAI DAN OVERDEK<br><br/>SLETING : YKK<br><br/><br><br/>WARNA TIDAK LUNTUR<br><br/><br><br/>SIZE : (Panjang &amp; LingkarPinggang)<br><br/>XXL= 35-36 (P 105cm LP 92cm)<br><br/>XXXL= 37-38 (P 105cm LP 96cm)<br><br/>XXXXL = 39- 40 (P 107cm LP 98cm)<br><br/>XXXXXL = 41-42 (P 107cm LP 100cm)<br><br/><br><br/>BERAT : 630 - 680 gram<br><br/><br/><br><br/>Kami menyediakan produk dengan kualitas terbaik, bahan terbaik, serta jahitan yang terbaik,<br><br/>Karna bagi kami kepuasan pelanggan menjadi tujuan utama bagi kami<br><br/><br/><br><br/>FREE GELANG 1PCS DAN AKSESORIS UNTUK TIAP PRODUK (TIDAK BISA REQUEST WARNA, BENTUK DLL)"
379098398,whitestonelapak,White Stone,Juragan,platinum,2dwc12y,Kemeja Pria Lengan Pendek Grey Abu Polos Slim Fit Baju Hem Cowok Casual,Kemeja,Baru,4.9,37,907,27,95,0,153500,153500,0,Estimasi Size (Lebar x Panjang) :<br><br/>M = 50x70<br><br/>L = 52x72<br><br/>XL = 54x74 (jika tertera size XL pada picture)<br><br/> Mungkin ada sedikit perbedaan ukuran sekitar beberapa cm
379098398,whitestonelapak,White Stone,Juragan,platinum,2dwblzm,Kemeja Pria Lengan Panjang Flanel Premium Baju Hem Formal Kotak Kantor Casual,Kemeja,Baru,4.9,34,994,18,95,0,167500,167500,0,Estimasi Size (Lebar x Panjang) :<br/>M = 50x82<br/>L = 52x84<br/>XL = 54x86 (jika tertera size XL pada picture)<br/> Mungkin ada sedikit perbedaan ukuran sekitar beberapa cm
379098398,whitestonelapak,White Stone,Juragan,platinum,2dwb972,Kemeja Pria Lengan Panjang Katun Stretch Slim Fit Original Baju Hem Hitam Polos Kerja Formal Casual,Kemeja,Baru,4.9,33,911,32,93,0,163500,163500,0,Estimasi Size (Lebar x Panjang) :<br/>M = 50x70<br/>L = 52x72<br/>XL = 54x74 (jika tertera size XL pada picture)<br/> Mungkin ada sedikit perbedaan ukuran sekitar beberapa cm
379098398,whitestonelapak,White Stone,Juragan,platinum,2dwazpj,Kemeja Pria Lengan Panjang Oxford Original Slim Fit Polos Baju Hem Cowok Formal Casual,Kemeja,Baru,4.9,36,912,18,97,0,163500,163500,0,Estimasi Size (Lebar x Panjang) :<br/>M = 50x70<br/>L = 52x72<br/>XL = 54x74 (jika tertera size XL pada picture)<br/> Mungkin ada sedikit perbedaan ukuran sekitar beberapa cm
379098398,whitestonelapak,White Stone,Juragan,platinum,2dwah6v,Kemeja Pria Lengan Panjang Katun Stretch Slim Fit Polos Baju Hem Kerja Formal Casual,Kemeja,Baru,4.9,33,910,8,96,0,163500,163500,0,Estimasi Size (Lebar x Panjang) :<br/>M = 50x70<br/>L = 52x72<br/>XL = 54x74 (jika tertera size XL pada picture)<br/> Mungkin ada sedikit perbedaan ukuran sekitar beberapa cm
379098398,whitestonelapak,White Stone,Juragan,platinum,281wh8r,Kemeja Batik Pria Slim Fit Baju Hem Batik Katun Lengan Panjang Pendek Premium Modern,Kemeja,Baru,5,613,990,385,8424,0,195000,195000,0,"Batik Modern &amp; Millenials <br><br/><br><br/>Bahan katun jepang grade terbaik (daya serap keringat lebih baik dari katun paris)<br><br/><br><br/>sangat halus seperti sutera, sangat nyaman dipakai, adem dipakai, serat kain dan warna sangat awet hingga pemakaian lebih dari 8 tahun<br><br/><br><br/>Size chart<br><br/>M <br><br/>Pundak = 41<br><br/>Lengan = 59<br><br/>Panjang = 67<br><br/>Lingkar dada = 98<br><br/>Lingkar perut = 91<br><br/><br><br/>L <br><br/>Pundak = 43<br><br/>Lengan = 60.5<br><br/>Panjang = 71<br><br/>Lingkar dada = 102<br><br/>Lingkar perut = 95<br><br/><br><br/>XL<br><br/>Pundak = 45<br><br/>Lengan = 62<br><br/>Panjang = 73<br><br/>Lingkar dada = 104<br><br/>Lingkar perut = 99"
379098398,whitestonelapak,White Stone,Juragan,platinum,27v9z5l,Sepatu Sneakers Pria Wanita Original Import Sepatu Kets Casual Santai Olahraga Sport Running Lari,Sneaker Pria,Baru,5,38,1,3,138,0,266000,266000,0,"Sepatu sneakers - sepatu running casual - sepatu sport kets pria dan wanita<br/><br/>Stok : LIMITED STOCK <br/><br/>Yang cepat transfer, yang bisa gaya super dengan sepatu ini.<br/><br/>Gender : unisex ( Pria dan Wanita)<br/>Upper Material : Mesh<br/>Sole Material : Rubber<br/>Suitable Occasion : Leisure, Banquet<br/>Scenes : Indoor &amp; Outdoor, Fashion, Leisure<br/>Style : Casual<br/>Toe Style : Round head<br/>Platform Heigh : 3cm<br/><br/>Size :  (Ukuran Lokal Indonesia)<br/>39 (insole 24,5 cm)<br/>40 (insole 25 cm)<br/>41 (insole 25,5 cm)<br/>42 (insole 26 cm)<br/>43 (insole 26,5 cm)<br/>44 (insole 27 cm)<br/><br/>Insole : Ukuran panjang kaki / bagian sepatu yang terletak di bagian bawah, tepatnya alas yang menjadi injakan kaki<br/><br/>Dengan menggunakan sepatu sneakers olah raga ini lari atau aktivitas olah raga anda akan semakin leluasa dan menyenangkan.<br/><br/>Packaging : sepatu dikemas dengan box 100% baru."
379098398,whitestonelapak,White Stone,Juragan,platinum,27v6bna,Sepatu Sneakers Pria Wanita Sepatu Kets Casual Running Lari Olahraga Sport,Sneaker Pria,Baru,5,584,842,299,3687,0,169000,298000,43,"New Arrival!!!<br><br/><br><br/>BONUS : FREE BOX &amp; KAOS KAKI<br><br/><br><br/>Bahan : Kanvas<br><br/>Sol : Karet<br><br/>Fitur : Sol berbahan karet empuk, lentur &amp; tidak licin.<br><br/>Cocok Digunakan Untuk : Sekolah, Kuliah, Kerja, Traveling.<br><br/>Warna : Hitam Kuning <br><br/><br><br/>Size 39-44<br><br/>Perincian Size <br><br/>39 = 24.5 cm <br><br/>40 = 25 cm <br><br/>41 = 25.5 cm <br><br/>42 = 26 cm <br><br/>43 = 26.5 cm <br><br/>44 = 27 cm"
379098398,whitestonelapak,White Stone,Juragan,platinum,27uxssh,Jaket Hoodie Zipper Polos Pria Wanita Sweater Jumper Resleting Fleece Distro Original Casual,Sweater,Baru,5,512,760,64,3401,0,200000,200000,0,"BAHAN : FLEECE <br><br/><br><br/>Cantumkan warna dicatatan:<br><br/>- Hitam<br><br/>- Maroon<br><br/>- Navy<br><br/>- Abu Muda<br><br/>- Hijau Botol<br><br/>- Coklat<br><br/>- abu tua<br><br/>- Biru <br><br/>- Pink<br><br/>- Merah Cabe<br><br/>- Mocca <br><br/>- Turkish<br><br/>- tosca<br><br/>- kuning<br><br/>- hijau army<br><br/><br><br/>UKURAN : L, XL, XXL <br><br/><br><br/>DETAIL UKURAN : <br><br/>( Lebar x Panjang x Panjang Lengan ) <br><br/>L = 55cm x 65cm x 56cm (Pria/Wanita Tinggi MAX 170cm) <br><br/>XL = 57cm x 67cm x 58cm (Pria/Wanita Tinggi MAX 175cm) <br><br/>XXL = 60cm x 70cm x 60cm (Pria/Wanita Tinggi MAX 180cm) <br><br/><br><br/>OPEN DROPSHIP DAN RESELLER !!!"
379098398,whitestonelapak,White Stone,Juragan,platinum,27usjjf,Jaket Hoodie Zipper Sweater Jumper Original Casual Jaket Rajut Pria Wanita Marron,Sweater,Baru,5,483,1770,30,2345,0,200000,200000,0,"Budayakan membaca deskripsi produk agar tidak terjadi kesalahan dan pesanan sesuai yang diharapkan.<br><br/>TAMPIL KEREN GA HARUS MAHAL, ORDER DISINI AJA GUYS BARANG MURAH TAPI GA MURAHAN<br><br/><br><br/>Material : Fleece<br><br/>Size : L &amp; XL<br><br/><br><br/>Detail ukuran<br><br/>Size L<br><br/>- lingkar dada : 110 cm<br><br/>- panjang : 65 cm<br><br/><br><br/>Size XL<br><br/>- lingkar dada : 114 cm<br><br/>- panjang : 67 cm<br><br/><br><br/>Size XXL<br><br/>- lingkar dada : 118 cm<br><br/>- panjang : 69 cm<br><br/><br><br/>Toleransi : -/+ 1-2 cm<br><br/><br><br/>Produk ini ada beberapa pilihan warna silahkan pilih variasi warna yang tersedia, tingkat kemiripan gambar 95% sama, 5% beda warna karena efek kamera.<br><br/><br><br/>Batas pembayaran sampai jam 16:00 WIB, pembayaran diatas jam itu maka barang di kirim ke esokan harinya.<br><br/><br><br/>Untuk pengiriman dropship silahkan tulis nama dropshipnya dan no hp di kolom dropshipper<br><br/><br><br/>Jika barang yang anda terima dalam keadaan cacat, salah atau kurang segera hubungi admin (tidak diperkenankan masuk ke pusat pengembalian) 1x24 jam kami tangani, 100% kami ganti<br><br/><br><br/>#jaket #jaketwanita #jaketmurah #jaketbandung #jaketgrosir #jaketpria"
379098398,whitestonelapak,White Stone,Juragan,platinum,27umb4e,Jaket Hoodie Zipper Sweater Jumper Original Korea Jaket Rajut Ariel,Sweater,Baru,4.7,43,1,36,158,0,200000,200000,0,"Geser foto untuk detail produk<br><br/><br><br/>(UNISEX)<br><br/><br><br/>MATERIAL : FULL COTTON 100 %<br><br/>JAHITAN : OVERDEK / RANTAI<br><br/>SLETING : YKK<br><br/><br><br/>SIZE : P (panjang dari bahu kebawah) L (lebar) PL (panjang lengan) <br><br/><br><br/>M : P 65cm L 53cm PL 61cm <br><br/>L : P 67cm L 55cm PL 63cm<br><br/>XL : P 69cm L 55cm PL 67cm<br><br/><br><br/>BERAT : 650 - 750 gram<br><br/><br><br/>BARANG DI JAMIN SESUAI DENGAN PHOTO. APABILA BARANG TIDAK SESUAI DENGAN PHOTO MAKA DAPAT DITUKAR DAN ONGKOS KIRIM DITANGGUNG OLEH KAMI<br><br/><br><br/>NOTE :<br><br/>BAHAN COTTON MERUPAKAN JENIS BAHAN YANG BANYAK DIGUNAKAN OLEH BRAND TERNAMA, SELAIN LEMBUT BAHAN INI JUGA MEMILIKI SERAT HANDUK YANG DAPAT MENYERAP KERINGAT<br><br/><br><br/>Kami menyediakan produk dengan kualitas terbaik, bahan terbaik, serta jahitan yang terbaik,<br><br/>Karna bagi kami kepuasan pelanggan menjadi tujuan utama bagi kami<br><br/><br><br/>FREE GELANG ATIKER DAN SELURUH AKSESORIS PADA PRODUK (TIDAK BISA REQUEST WARNA, BENTUK DLL)"
379098398,whitestonelapak,White Stone,Juragan,platinum,27uiwbu,Jaket Hoodie Zipper Sweater Jumper Original Jaket Rajut Ariel Pria Wanita,Sweater,Baru,5,495,1757,63,2357,0,200000,200000,0,"Selamat datang &amp; selamat belanja di toko kami<br><br/>Mohon untuk menyakan ketersediaan stok terlebih dahulu :)<br><br/><br><br/>Detail produk :<br><br/>Bahan/Matterial : fleece <br><br/>Size : L, XL, XXL<br><br/><br><br/><strong>Warna tersedia:</strong><br><br/>1. HITAM<br><br/>2. NAVY<br><br/>3. MAROON<br><br/>4. ABU MUDA<br><br/>5. ABU TUA<br><br/>6. HIJAU BOTOL<br><br/>7. MOCCA<br><br/>8. HIJAU ARMY<br><br/>9. TURKIS<br><br/>10. BABY PINK<br><br/>11. KUNING<br><br/>12. COKLAT<br><br/>13. MERAH<br><br/>14. TOSCA<br><br/>15. BIRU<br><br/>16. PEACH<br><br/>17. UNGU MUDA<br><br/>18. OLIVE<br><br/>19. SALEM<br><br/>20. HIJAU MELON<br><br/><br><br/>Detail ukuran :<br><br/>( Lebar x Panjang x Panjang Lengan )<br><br/>L = 55cm x 65cm x 56cm  (Pria/Wanita Tinggi MAX 170cm)<br><br/>XL = 57cm x 67cm x 58cm (Pria/Wanita Tinggi MAX 175cm)<br><br/>XXL = 60cm x 70cm x 60cm (Pria/Wanita Tinggi MAX 180cm)"
379098398,whitestonelapak,White Stone,Juragan,platinum,24murnp,Jaket Hoodie Zipper Sweater Jumper Pria Wanita Unisex Original Jaket Katun Premium Polos Casual,Sweater,Baru,5,643,2045,268,8673,0,200000,200000,0,"Geser foto untuk detail produk<br><br/><br><br/>(UNISEX)<br><br/><br><br/>MATERIAL : FULL COTTON 100 %<br><br/><br><br/>SIZE : P (panjang dari bahu kebawah) L (lebar) PL (panjang lengan) <br><br/><br><br/>M : P 65cm L 53cm PL 61cm <br><br/>L : P 67cm L 55cm PL 63cm<br><br/>XL : P 69cm L 55cm PL 67cm<br><br/><br><br/>BERAT : 650 - 750 gram<br><br/><br><br/>BARANG DI JAMIN SESUAI DENGAN PHOTO<br><br/><br><br/>NOTE :<br><br/>BAHAN COTTON TAIWAN MERUPAKAN JENIS BAHAN YANG BANYAK DIGUNAKAN OLEH BRAND TERNAMA, SELAIN LEMBUT BAHAN INI JUGA MEMILIKI SERAT HANDUK YANG DAPAT MENYERAP KERINGAT<br><br/><br><br/>WS menyediakan produk dengan kualitas terbaik, bahan terbaik, serta jahitan yang terbaik,<br><br/>Karna bagi kami kepuasan pelanggan menjadi tujuan utama bagi kami<br><br/><br><br/>FREE GELANG ATIKER DAN SELURUH AKSESORIS PADA PRODUK (TIDAK BISA REQUEST WARNA, BENTUK DLL)"
379098398,whitestonelapak,White Stone,Juragan,platinum,24mj12d,Jaket Bomber Pria Wanita Unisex Original Jaket Motor Touring Pilot Anti Air Waterproof Jaket Semi Kulit Polos,Jaket,Baru,5,640,2048,251,8683,0,230000,230000,0,"Jaket Bomber Unisex<br><br/><br><br/>BAHAN : KARLIT (SEMIKULIT) MIX DAKRON<br><br/><br><br/>BERAT : 950 GRAM<br><br/>SLETING ; BESI TWO HEAD<br><br/><br><br/>Cantumkan size diketerangan, jika tidak, kami kirim random<br><br/><br><br/>SIZE : <br><br/>M (P 67cm L 54cm)<br><br/>L (P 70cm L 57cm)<br><br/>XL (P 72cm L 60cm)<br><br/><br><br/>BAHAN BERKELAS DAN SANGAT NYAMAN KETIKA DIGUNAKAN, COCOK BUAT KAMU YANG INGIN TAMPIL GAGAH<br><br/><br><br/>BARANG DIJAMIN SESUAI DENGAN PHOTO<br><br/><br><br/>WS menyediakan produk dengan kualitas terbaik, bahan terbaik, serta jahitan yang terbaik,<br><br/>Karna bagi kami kepuasan pelanggan menjadi tujuan utama bagi kami"
379098398,whitestonelapak,White Stone,Juragan,platinum,24gf0a1,Jaket Parka Pria Wanita Hoodie Hitam Original Jaket Gunung Motor Touring Kent,Jaket,Baru,5,46,1,41,151,0,220000,220000,0,"Jaket Paska (Unisex)<br><br/><br><br/>BAHAN : CANVAS MIX ACRILIK<br><br/><br><br/>SIZE : L FIT XL<br><br/>Kisaran ( P 74cm L 58cm )<br><br/><br><br/>BERAT : 800 GRAM<br><br/><br><br/>BAHAN SANGAT NYAMAN DIGUNAKAN.<br><br/>LEMBUT DAN TIDAK PANAS<br><br/><br><br/>BARANG DIJAMIN SESUAI DENGAN PHOTO <br><br/><br><br/>WS menyediakan produk dengan kualitas terbaik, bahan terbaik, serta jahitan yang terbaik,<br><br/>Karna bagi kami kepuasan pelanggan menjadi tujuan utama bagi kami<br><br/><br><br/>FREE 1 GELANG/PRODUK, TIDAK DAPAT PILIH WARNA DLL."
379098398,whitestonelapak,White Stone,Juragan,platinum,24gcaoa,Jaket Bomber Pria Wanita Unisex Pilot Semi Kulit Jaket Hitam Polos Waterproof Anti Air,Jaket,Baru,4.9,109,99,87,399,0,230000,230000,0,"Jaket Bomber (unisex)<br><br/><br><br/>BAHAN : KARLIT (SEMIKULIT) MIX LAPIS DALAM DORMIL<br><br/><br><br/>BERAT : 950 GRAM<br><br/><br><br/>Cantumkan size diketerangan, jika tidak, kami kirim random<br><br/><br><br/>SIZE <br><br/>M (P 67cm L 54cm)<br><br/>L (P 70cm L 56cm)<br><br/>XL (P 72cm L 58cm)<br><br/><br><br/>BAHAN BERKELAS, LEMBUT DAN SANGAT NYAMAN KETKA DIGUNAKAN, COCOK BUAT KAMU YANG INGIN TAMPIL GAGAH<br><br/><br><br/>BARANG DIJAMIN SESUAI DENGAN PHOTO<br><br/><br><br/>WS menyediakan produk dengan kualitas terbaik, bahan terbaik, serta jahitan yang terbaik,<br><br/>Karna bagi kami kepuasan pelanggan menjadi tujuan utama bagi kami<br><br/><br><br/>FREE GELANG, GANTUNGAN SLETING DAN SELURUH AKSESORIS 1PCS PADA PRODUK (TIDAK BISA REQUEST WARNA, BENTUK DLL)"
